0,0.887072,NaN,NaN,NaN,NaN
2,3.09137,0.13924547,NaN,2.1852415,0.076483453
4,4.86647,0.41776987,NaN,3.941285,0.29091188
6,5.84042,0.79251102,NaN,4.8961785,0.600223103
8,6.67141,1.23042507,NaN,5.708112,0.97137327
10,5.34209,1.65089757,NaN,4.3597355,1.323747933
12,2.73962,1.93375742,NaN,1.738209,1.53717599
14,1.7966,2.09252512,NaN,0.7761325,1.625177943
19,1.29882,2.36337437,NaN,0.23071125,1.713276771
24,1.11575,2.574649245,NaN,0,1.733464005
